{"cameraMode":{"drawMode":0,"name":"Shaded","section":"Shading Mode"},"sceneLighting":false,"audioPlay":false,"sceneViewState":{"m_AlwaysRefresh":false,"showFog":true,"showSkybox":false,"showFlares":true,"showImageEffects":true,"showParticleSystems":true,"showVisualEffectGraphs":true,"m_FxEnabled":true},"in2DMode":false,"pivot":{"x":1.5591201782226563,"y":3.7966251373291017,"z":0.1328582763671875},"rotation":{"x":0.5770403742790222,"y":-0.22026857733726502,"z":0.16531167924404145,"w":0.7688947319984436},"size":0.08660248667001724,"orthographic":false}